timestamp,price,volume
2026-09-23 13:30:00,85535.76795504782,40507090047.19731
2026-09-23 13:35:00,85571.05418695013,40512671282.18319
2026-09-23 13:40:00,85743.13813886848,40429112985.41544
2026-09-23 13:45:00,85807.66586442295,40483570421.17673
2026-09-23 13:50:00,85679.4030117382,40476648481.620316
2026-09-23 13:55:00,85652.3354082883,40460828917.76656
2026-09-23 14:00:00,85790.32559371383,40272331113.336716
2026-09-23 14:05:00,85730.54808479149,40117696781.671745
2026-09-23 14:10:00,85338.49151818141,40194805702.01152
2026-09-23 14:15:00,84780.12583727745,40705006252.96753
2026-09-23 14:20:00,84322.0566008741,41359256121.34509
2026-09-23 14:25:00,84266.09548519326,42273740693.29003
2026-09-23 14:30:00,84024.32702406873,42531700537.685234
2026-09-23 14:35:00,84385.09205320703,42924574325.13892
2026-09-23 14:40:00,84412.90599893713,43216535556.62052
2026-09-23 14:45:00,84317.460207466,43374500130.73159
2026-09-23 14:50:00,84319.03779254439,43511821060.02434
2026-09-23 14:55:00,84513.64080901888,43854579597.719765
2026-09-23 15:00:00,84470.52649714124,43914166961.73581
2026-09-23 15:05:00,84533.18932552014,43974888329.02177
2026-09-23 15:10:00,84592.4183506254,44145149485.47206
2026-09-23 15:15:00,84700.75745641472,44223883537.10332
2026-09-23 15:20:00,84592.01183899179,44341904071.333565
2026-09-23 15:25:00,84581.1680328831,44384530706.00983
2026-09-23 15:30:00,84521.39766679412,44439091766.36263
2026-09-23 15:35:00,84495.1680840442,44662851136.84463
2026-09-23 15:40:00,84317.59077920183,44657064885.79762
2026-09-23 15:45:00,84288.832318707,44640208149.54428
2026-09-23 15:50:00,84242.04807167924,44624569622.485245
2026-09-23 15:55:00,84081.63052006476,44790970933.070496
2026-09-23 16:00:00,83790.89567875945,44879396348.96887
2026-09-23 16:05:00,84131.88293424912,45222446092.21258
2026-09-23 16:10:00,84293.64392116941,45599170832.31727
2026-09-23 16:15:00,84297.45041476664,45748735447.41862
2026-09-23 16:20:00,84256.77425731705,45758060969.63849
2026-09-23 16:25:00,84228.79413963844,45822679027.207184
2026-09-23 16:30:00,84253.53936522972,45834661882.70949
2026-09-23 16:35:00,84148.29942019358,45732718269.40466
2026-09-23 16:40:00,84021.40158457335,45721274912.83257
2026-09-23 16:45:00,84074.62842431919,45821953750.050804
2026-09-23 16:50:00,83905.5775636665,45796184347.30545
2026-09-23 16:55:00,83927.59509621766,45822481387.56255
2026-09-23 17:00:00,84058.64571541436,45870938910.25949
2026-09-23 17:05:00,83863.52785016666,44769544840.8784
2026-09-23 17:10:00,83804.6644181366,45770838601.74058
2026-09-23 17:15:00,83868.88334455765,45842772611.98956
2026-09-23 17:20:00,84006.94221965304,45798921333.79606
2026-09-23 17:25:00,84062.96684880386,45917930350.8432
2026-09-23 17:30:00,84042.00635162843,45906515015.93707
2026-09-23 17:35:00,84000.67076624134,45942561824.73006
2026-09-23 17:40:00,84007.7078126731,45920901993.78544
2026-09-23 17:45:00,84254.0960024491,46056300123.85866
2026-09-23 17:50:00,84308.61596285118,46096403453.32171
2026-09-23 17:55:00,84295.62020542182,46121437083.89522
2026-09-23 18:00:00,84315.18573536711,46028133314.45535
2026-09-23 18:05:00,84261.09343808427,45949836349.7126
2026-09-23 18:10:00,84246.57198162652,45945425785.73058
2026-09-23 18:15:00,84213.06281965897,45744597648.01159
2026-09-23 18:20:00,84192.34858640899,45875481059.01759
2026-09-23 18:25:00,84174.371945032,45645941127.09066
2026-09-23 18:30:00,84155.25070694306,45526612229.457825
2026-09-23 18:35:00,84130.07921218687,45447568128.60766
2026-09-23 18:40:00,84135.2874700815,45404946828.98511
2026-09-23 18:45:00,84214.3812220588,45431853067.41085
2026-09-23 18:50:00,84313.26812614984,45632318034.41702
2026-09-23 18:55:00,84364.76743862941,45610586005.63066
2026-09-23 19:00:00,84336.728156199,45506097506.38443
2026-09-23 19:05:00,84236.91680080953,45357491475.137436
2026-09-23 19:10:00,84311.48194601595,45248507921.47043
2026-09-23 19:15:00,84353.41616346865,45221568595.2445
2026-09-23 19:20:00,84310.8902099926,45120838304.435135
2026-09-23 19:25:00,84432.55490592185,45284468842.06045
2026-09-23 19:30:00,84426.4743885668,45261262167.20933
2026-09-23 19:35:00,84468.01608292626,45194108069.96133
2026-09-23 19:40:00,84449.63023879997,44815757319.19053
2026-09-23 19:45:00,84451.91692227403,44824839777.987434
2026-09-23 19:50:00,84507.02782243254,44881980068.06845
2026-09-23 19:55:00,84504.90252446092,44821710626.74364
2026-09-23 20:00:00,84488.07876185968,44715460447.81474
2026-09-23 20:05:00,84311.40443917169,44599569616.52292
2026-09-23 20:10:00,84377.10012003976,44616146957.561104
2026-09-23 20:15:00,84356.05959198574,44569172809.04165
2026-09-23 20:20:00,84350.55393528189,44528445692.091705
2026-09-23 20:25:00,84274.09458238442,44478960441.363655
2026-09-23 20:30:00,84328.24610407304,44456396860.82756
2026-09-23 20:35:00,84341.02906362934,44366524825.65781
2026-09-23 20:40:00,84400.27465591735,44631660181.988655
2026-09-23 20:45:00,84395.15923277174,44535140071.79508
2026-09-23 20:50:00,84295.85390402917,44465886861.71065
2026-09-23 20:55:00,84251.36639342937,44438479157.14308
2026-09-23 21:00:00,84226.4216925631,44398019145.62241
2026-09-23 21:05:00,84286.05343407659,44471339976.35049
2026-09-23 21:10:00,84340.91161977827,44493745619.36145
2026-09-23 21:15:00,84361.38699380957,44474654683.86426
2026-09-23 21:20:00,84328.22779671614,44478671463.26865
2026-09-23 21:25:00,84384.12401663758,44558497912.59908
2026-09-23 21:30:00,84408.87556424971,44548800376.783585
2026-09-23 21:35:00,84459.52758646011,44567174493.178474
2026-09-23 21:40:00,84484.43920375481,44582196669.22256
2026-09-23 21:45:00,84490.8991644547,44571325094.17194
2026-09-23 21:50:00,84447.45661657471,44574797682.65142
2026-09-23 21:55:00,84440.91757579455,44575570376.83804
2026-09-23 22:00:00,84412.27791564194,44570627303.63874
2026-09-23 22:05:00,84360.7277771591,44304447862.52736
2026-09-23 22:10:00,84601.69476372431,44510989736.85295
2026-09-23 22:15:00,84588.95380319766,44490861970.73171
2026-09-23 22:20:00,84576.30449039048,44472436101.172386
2026-09-23 22:25:00,84498.81927997498,44449467920.97269
2026-09-23 22:30:00,84465.6130345181,44446130324.76572
2026-09-23 22:35:00,84413.14489793257,44417757950.8757
2026-09-23 22:40:00,84444.64806130003,44403723408.00962
2026-09-23 22:45:00,84485.51136076747,44354212645.81958
2026-09-23 22:50:00,84593.74945036351,44389106541.3087
2026-09-23 22:55:00,84576.2330177975,44338837015.87034
2026-09-23 23:00:00,84550.14189817327,44237076845.62518
2026-09-23 23:05:00,84546.95097156786,44200263342.338264
2026-09-23 23:10:00,84532.0969279678,44103987984.92475
2026-09-23 23:15:00,84487.13047520122,44027342136.029724
2026-09-23 23:20:00,84456.1088154436,43902981779.8425
2026-09-23 23:25:00,84445.5112495029,43912263208.22751
2026-09-23 23:30:00,84480.31938610913,43856997307.84199
2026-09-23 23:35:00,84479.90360118063,43834963862.51398
2026-09-23 23:40:00,84499.25655593036,43857246564.00002
2026-09-23 23:45:00,84451.30196234368,43825361863.133224
2026-09-23 23:50:00,84409.64676512088,43790936011.79636
2026-09-23 23:55:00,84397.79458436575,43824782807.78555
2026-09-24 00:00:00,84382.39990356649,43737548353.46009
2026-09-24 00:05:00,84458.59122857114,43707785997.53285
2026-09-24 00:10:00,84346.14313014912,43656357895.33024
2026-09-24 00:15:00,84356.93186348389,43627035062.468796
2026-09-24 00:20:00,84423.05599913147,43635848602.60217
2026-09-24 00:25:00,84365.96204297442,43593983428.87346
2026-09-24 00:30:00,84335.58468696961,43621193942.93496
2026-09-24 00:35:00,84356.33192535637,43688965290.618004
2026-09-24 00:40:00,84297.45064290575,43672975794.71583
2026-09-24 00:45:00,84330.08729761906,43857438938.53383
2026-09-24 00:50:00,84311.86807867112,43846747456.49186
2026-09-24 00:55:00,84232.08888442181,43855818325.25325
2026-09-24 01:00:00,84305.16437615956,43865802121.717514
2026-09-24 01:05:00,84257.95807874096,43601137611.91456
2026-09-24 01:10:00,84254.98652980795,43691247927.76011
2026-09-24 01:15:00,84276.34729727701,43378962050.08706
2026-09-24 01:20:00,84307.33896592028,43382897376.42184
2026-09-24 01:25:00,84274.19433436534,43415899314.635086
2026-09-24 01:30:00,84210.83891581184,43395133476.3076
2026-09-24 01:35:00,84361.22060720647,43677003233.839226
2026-09-24 01:40:00,84272.32306686221,43685208596.80943
2026-09-24 01:45:00,84134.36108511582,43671640458.59798
2026-09-24 01:50:00,84101.99409781896,43582216744.22433
2026-09-24 01:55:00,84125.27183919874,43409773048.733406
2026-09-24 02:00:00,84092.35744951612,43443294669.57801
2026-09-24 02:05:00,84005.21758024058,43549706465.49014
2026-09-24 02:10:00,83785.5302524651,43677821319.02471
2026-09-24 02:15:00,83914.26220336776,43775037368.91745
2026-09-24 02:20:00,84208.465099233,43893155558.9598
2026-09-24 02:25:00,84081.86841289254,43898597724.23918
2026-09-24 02:30:00,84146.69435208158,43924964795.95381
2026-09-24 02:35:00,84204.31261563122,43967556034.37137
2026-09-24 02:40:00,84237.97078006684,43993414169.29189
2026-09-24 02:45:00,84316.50782569256,44027580204.79245
2026-09-24 02:50:00,84335.50812695558,43997136220.69899
2026-09-24 02:55:00,84352.2165575538,44016635453.70487
2026-09-24 03:00:00,84348.7467395268,44003215260.36292
2026-09-24 03:05:00,84428.86118882455,44051851529.6901
2026-09-24 03:10:00,84318.90748050128,44043194596.275856
2026-09-24 03:15:00,84297.94413974781,44049749003.615166
2026-09-24 03:20:00,84221.7836537665,44006776493.91501
2026-09-24 03:25:00,84046.03375269816,43900212655.682396
2026-09-24 03:30:00,84034.1833032946,43773553991.31932
2026-09-24 03:35:00,83983.99244125103,43776742565.67519
2026-09-24 03:40:00,83923.00640335052,43737617014.69201
2026-09-24 03:45:00,83987.41158516583,43439574465.24406
2026-09-24 03:50:00,83934.84998352133,43405162405.246124
2026-09-24 03:55:00,83892.56680585573,43420088072.873886
2026-09-24 04:00:00,83922.76015101028,43337343884.9572
2026-09-24 04:05:00,83844.19612463766,43379026622.16925
2026-09-24 04:10:00,83915.64007760615,43433221738.72423
2026-09-24 04:15:00,83806.60102216885,43208416909.63576
2026-09-24 04:20:00,83805.10930421011,43285288938.93103
2026-09-24 04:25:00,83853.91784143189,43069088475.354744
2026-09-24 04:30:00,83899.61033485776,43012659094.530655
2026-09-24 04:35:00,83885.20196545497,42876352680.23314
2026-09-24 04:40:00,83864.20752604527,42782569508.96678
2026-09-24 04:45:00,83860.73918998482,42732621856.12501
2026-09-24 04:50:00,83783.77973599017,42629340365.14976
2026-09-24 04:55:00,83867.1641539544,42666907611.6809
2026-09-24 05:00:00,84025.88382839237,41985621799.00434
2026-09-24 05:05:00,84219.77672583528,42659776282.841675
2026-09-24 05:10:00,84311.96702848299,42727251976.49036
2026-09-24 05:15:00,84207.93356127864,42692975044.19894
2026-09-24 05:20:00,84163.8086971256,42570425892.78714
2026-09-24 05:25:00,84153.03265686892,42560954312.67567
2026-09-24 05:30:00,84170.0162609132,42455550358.67068
2026-09-24 05:35:00,84096.07017965622,42412944101.31607
2026-09-24 05:40:00,84153.95875192147,42458494651.80574
2026-09-24 05:45:00,84180.40560622419,42395702010.099396
2026-09-24 05:50:00,84141.93194137015,42354217075.565796
2026-09-24 05:55:00,84123.65143778782,42248464278.66502
2026-09-24 06:00:00,83981.51168985666,42091829286.29648
2026-09-24 06:05:00,84012.96987493781,42106308887.66625
2026-09-24 06:10:00,84102.01514718488,42175060466.9703
2026-09-24 06:15:00,84104.9373042196,42185806400.168076
2026-09-24 06:20:00,84157.47270047784,42193100427.88848
2026-09-24 06:25:00,84122.65076924436,42217741842.758766
2026-09-24 06:30:00,84178.6547007495,42119615169.541885
2026-09-24 06:35:00,84173.78197877952,42075346480.72311
2026-09-24 06:40:00,84172.88288978946,42035539493.56167
2026-09-24 06:45:00,84176.92539100407,42079309273.033325
2026-09-24 06:50:00,84134.6802015223,42051675325.59073
2026-09-24 06:55:00,84104.72538281036,42008078789.17169
2026-09-24 07:00:00,84091.30562156744,41904081602.46939
2026-09-24 07:05:00,83982.91013907416,41797484658.12366
2026-09-24 07:10:00,84047.7417784058,41848781696.55449
2026-09-24 07:15:00,84059.54470741615,41789033515.18856
2026-09-24 07:20:00,84141.22505178775,41770038572.92288
2026-09-24 07:25:00,84162.59609099267,41832037444.2898
2026-09-24 07:30:00,84396.19324726092,42012844132.03579
2026-09-24 07:35:00,84462.61001439989,42173113359.24351
2026-09-24 07:40:00,84450.17109714287,42119398313.0762
2026-09-24 07:45:00,84406.26472285164,42112315477.322395
2026-09-24 07:50:00,84425.15678093414,42032430788.62249
2026-09-24 07:55:00,84545.96666369069,42253790195.66871
2026-09-24 08:00:00,84510.58761009591,42199797813.31699
2026-09-24 08:05:00,84534.04913689749,42191319384.61465
2026-09-24 08:10:00,84498.57973779664,42352404910.50554
2026-09-24 08:15:00,84386.08533184776,42519528735.05565
2026-09-24 08:20:00,84336.54457734647,42571069399.88958
2026-09-24 08:25:00,84116.11625964497,42516669709.17438
2026-09-24 08:30:00,83844.22918522285,42487079085.65502
2026-09-24 08:35:00,83705.35810507553,42553994343.38918
2026-09-24 08:40:00,83810.68171296737,41962893296.83718
2026-09-24 08:45:00,83738.90451767264,42646652946.21828
2026-09-24 08:50:00,83451.60082846155,42557018931.56554
2026-09-24 08:55:00,83452.19863977669,42627130331.04129
2026-09-24 09:00:00,83608.57754659448,42680733674.634315
2026-09-24 09:05:00,83545.54134374419,42649411467.52077
2026-09-24 09:10:00,83596.3596062605,42654331402.92863
2026-09-24 09:15:00,83443.02622060727,42701000206.32976
2026-09-24 09:20:00,83461.41926746616,42765628010.4946
2026-09-24 09:25:00,83374.9209967117,42713006650.27286
2026-09-24 09:30:00,83313.49882537316,42618130969.746895
2026-09-24 09:35:00,82997.21386793774,43100834126.442665
2026-09-24 09:40:00,83207.27381291286,43410759444.91825
2026-09-24 09:45:00,83147.78379116031,43592486091.25977
2026-09-24 09:50:00,83105.00488213013,43769451832.65022
2026-09-24 09:55:00,83210.80840725085,43727155633.163345
2026-09-24 10:00:00,83238.11792042716,43721069417.98403
2026-09-24 10:05:00,83320.46666130192,43781910105.5834
2026-09-24 10:10:00,83257.29314446765,43840675649.72485
2026-09-24 10:15:00,83247.3962111721,43928866734.779854
2026-09-24 10:20:00,83281.37679793008,43930425444.39315
2026-09-24 10:25:00,83242.58556874625,43958235000.894295
2026-09-24 10:30:00,83235.72900190442,43982533984.919136
2026-09-24 10:35:00,83244.87680133893,44003650474.06398
2026-09-24 10:40:00,83330.75306186396,44073615260.58929
2026-09-24 10:45:00,83373.58858285232,44093363990.884186
2026-09-24 10:50:00,83484.87767401419,44247870354.69532
2026-09-24 10:55:00,83473.98918434179,44318076765.23447
2026-09-24 11:00:00,83513.46462287672,44222679326.84676
2026-09-24 11:05:00,83537.1139689817,44188623119.50072
2026-09-24 11:10:00,83523.17865587643,44176109410.65589
2026-09-24 11:15:00,83534.60189473513,44196686009.53815
2026-09-24 11:20:00,83523.11284645455,44237857312.89666
2026-09-24 11:25:00,83547.98968588453,44245867645.78571
2026-09-24 11:30:00,83509.815774699,44137228158.602486
2026-09-24 11:35:00,83468.90835805808,44034862605.24982
2026-09-24 11:40:00,83447.35424011317,43984133112.30741
2026-09-24 11:45:00,83429.88035722513,43923897597.04402
2026-09-24 11:50:00,83418.64177900941,43896319651.14503
2026-09-24 11:55:00,83412.65412244838,43894703802.68873
2026-09-24 12:00:00,83436.70362312958,43896671797.53927
2026-09-24 12:05:00,83392.50383785806,43744214714.38384
2026-09-24 12:10:00,83507.58483119096,43761652429.75977
2026-09-24 12:15:00,83500.33900542906,43700344938.93367
2026-09-24 12:20:00,83511.06503491403,42937384938.13109
2026-09-24 12:25:00,83632.05898068128,43621327383.06268
2026-09-24 12:30:00,83513.75466381277,43591005610.02844
2026-09-24 12:35:00,83377.56404464335,43485248611.04832
2026-09-24 12:40:00,83380.56270259262,43511494749.40069
2026-09-24 12:45:00,83455.46628666067,43473818346.02828
2026-09-24 12:50:00,83428.64451426498,43418945136.91218
2026-09-24 12:55:00,83450.47993589017,43430287436.91012
2026-09-24 13:00:00,83591.51084360712,43397913459.47208
2026-09-24 13:05:00,83703.23936807539,43449577248.84297
2026-09-24 13:10:00,83690.19368769923,43359624184.04453
2026-09-24 13:15:00,83718.8325498887,43328122335.31135
2026-09-24 13:20:00,83847.79710023494,43575262684.38866
2026-09-24 13:25:00,83782.24956014473,43442285874.65402
2026-09-24 13:26:40,83808.13395672396,43453947630.51513
